train_id,scenario_id,scenario_name,timestamp_s,latitude,longitude,speed_kmh,gps_speed_kmh,wheel_rpm,brake_pressure_bar,motor_current_a,independent_reference_available,ground_truth_speed_kmh,expected_decision
TN-2047,normal,Normal Operation,0,13.0827,80.2707,76.0,76.0,505.4,12.0,145.0,YES,76.0,NORMAL
TN-2047,normal,Normal Operation,1,13.083734,80.271562,76.6,76.83,510.11,12.13,146.39,YES,76.6,NORMAL
TN-2047,normal,Normal Operation,2,13.084769,80.272424,77.17,77.6,514.61,12.26,147.73,YES,77.17,NORMAL
TN-2047,normal,Normal Operation,3,13.085803,80.273286,77.69,78.28,518.71,12.38,148.95,YES,77.69,NORMAL
TN-2047,normal,Normal Operation,4,13.086838,80.274148,78.15,78.83,522.24,12.49,150.02,YES,78.15,NORMAL
TN-2047,normal,Normal Operation,5,13.087872,80.27501,78.52,79.22,525.03,12.59,150.89,YES,78.52,NORMAL
TN-2047,normal,Normal Operation,6,13.088907,80.275872,78.8,79.43,526.99,12.67,151.52,YES,78.8,NORMAL
TN-2047,normal,Normal Operation,7,13.089941,80.276734,78.96,79.46,528.01,12.74,151.9,YES,78.96,NORMAL
TN-2047,normal,Normal Operation,8,13.090976,80.277597,79.0,79.32,528.07,12.78,152.0,YES,79.0,NORMAL
TN-2047,normal,Normal Operation,9,13.09201,80.278459,78.92,79.02,527.16,12.8,151.82,YES,78.92,NORMAL
TN-2047,normal,Normal Operation,10,13.093045,80.279321,78.73,78.59,525.34,12.8,151.37,YES,78.73,NORMAL
TN-2047,normal,Normal Operation,11,13.094079,80.280183,78.43,78.07,522.67,12.77,150.66,YES,78.43,NORMAL
TN-2047,normal,Normal Operation,12,13.095114,80.281045,78.03,77.5,519.3,12.73,149.73,YES,78.03,NORMAL
TN-2047,normal,Normal Operation,13,13.096148,80.281907,77.55,76.9,515.36,12.66,148.61,YES,77.55,NORMAL
TN-2047,normal,Normal Operation,14,13.097183,80.282769,77.0,76.31,511.03,12.58,147.34,YES,77.0,NORMAL
TN-2047,normal,Normal Operation,15,13.098217,80.283631,76.42,75.75,506.5,12.48,145.99,YES,76.42,NORMAL
TN-2047,normal,Normal Operation,16,13.099252,80.284493,75.82,75.26,501.97,12.37,144.59,YES,75.82,NORMAL
TN-2047,normal,Normal Operation,17,13.100286,80.285355,75.23,74.83,497.62,12.24,143.21,YES,75.23,NORMAL
TN-2047,normal,Normal Operation,18,13.101321,80.286217,74.67,74.48,493.64,12.11,141.9,YES,74.67,NORMAL
TN-2047,normal,Normal Operation,19,13.102355,80.287079,74.16,74.2,490.2,11.98,140.72,YES,74.16,NORMAL
TN-2047,normal,Normal Operation,20,13.10339,80.287941,73.73,73.99,487.43,11.85,139.7,YES,73.73,NORMAL
TN-2047,normal,Normal Operation,21,13.104424,80.288803,73.39,73.85,485.44,11.72,138.9,YES,73.39,NORMAL
TN-2047,normal,Normal Operation,22,13.105459,80.289666,73.15,73.75,484.3,11.6,138.34,YES,73.15,NORMAL
TN-2047,normal,Normal Operation,23,13.106493,80.290528,73.02,73.71,484.05,11.49,138.04,YES,73.02,NORMAL
TN-2047,normal,Normal Operation,24,13.107528,80.29139,73.01,73.7,484.69,11.39,138.03,YES,73.01,NORMAL
TN-2047,normal,Normal Operation,25,13.108562,80.292252,73.12,73.74,486.17,11.32,138.29,YES,73.12,NORMAL
TN-2047,normal,Normal Operation,26,13.109597,80.293114,73.35,73.83,488.42,11.26,138.82,YES,73.35,NORMAL
TN-2047,normal,Normal Operation,27,13.110631,80.293976,73.68,73.97,491.33,11.22,139.59,YES,73.68,NORMAL
TN-2047,normal,Normal Operation,28,13.111666,80.294838,74.11,74.17,494.78,11.2,140.58,YES,74.11,NORMAL
TN-2047,normal,Normal Operation,29,13.1127,80.2957,74.61,74.44,498.6,11.21,141.75,YES,74.61,NORMAL
TN-2047,speed_attack,Speed Sensor Manipulation,0,13.0827,80.2707,22.0,76.0,505.4,12.0,145.0,YES,76.0,POTENTIAL MANIPULATION
TN-2047,speed_attack,Speed Sensor Manipulation,1,13.083734,80.271562,22.49,76.83,510.11,12.13,146.39,YES,76.6,POTENTIAL MANIPULATION
TN-2047,speed_attack,Speed Sensor Manipulation,2,13.084769,80.272424,22.93,77.6,514.61,12.26,147.73,YES,77.17,POTENTIAL MANIPULATION
TN-2047,speed_attack,Speed Sensor Manipulation,3,13.085803,80.273286,23.26,78.28,518.71,12.38,148.95,YES,77.69,POTENTIAL MANIPULATION
TN-2047,speed_attack,Speed Sensor Manipulation,4,13.086838,80.274148,23.46,78.83,522.24,12.49,150.02,YES,78.15,POTENTIAL MANIPULATION
TN-2047,speed_attack,Speed Sensor Manipulation,5,13.087872,80.27501,23.49,79.22,525.03,12.59,150.89,YES,78.52,POTENTIAL MANIPULATION
TN-2047,speed_attack,Speed Sensor Manipulation,6,13.088907,80.275872,23.36,79.43,526.99,12.67,151.52,YES,78.8,POTENTIAL MANIPULATION
TN-2047,speed_attack,Speed Sensor Manipulation,7,13.089941,80.276734,23.08,79.46,528.01,12.74,151.9,YES,78.96,POTENTIAL MANIPULATION
TN-2047,speed_attack,Speed Sensor Manipulation,8,13.090976,80.277597,22.69,79.32,528.07,12.78,152.0,YES,79.0,POTENTIAL MANIPULATION
TN-2047,speed_attack,Speed Sensor Manipulation,9,13.09201,80.278459,22.21,79.02,527.16,12.8,151.82,YES,78.92,POTENTIAL MANIPULATION
TN-2047,speed_attack,Speed Sensor Manipulation,10,13.093045,80.279321,21.71,78.59,525.34,12.8,151.37,YES,78.73,POTENTIAL MANIPULATION
TN-2047,speed_attack,Speed Sensor Manipulation,11,13.094079,80.280183,21.25,78.07,522.67,12.77,150.66,YES,78.43,POTENTIAL MANIPULATION
TN-2047,speed_attack,Speed Sensor Manipulation,12,13.095114,80.281045,20.86,77.5,519.3,12.73,149.73,YES,78.03,POTENTIAL MANIPULATION
TN-2047,speed_attack,Speed Sensor Manipulation,13,13.096148,80.281907,20.61,76.9,515.36,12.66,148.61,YES,77.55,POTENTIAL MANIPULATION
TN-2047,speed_attack,Speed Sensor Manipulation,14,13.097183,80.282769,20.5,76.31,511.03,12.58,147.34,YES,77.0,POTENTIAL MANIPULATION
TN-2047,speed_attack,Speed Sensor Manipulation,15,13.098217,80.283631,20.56,75.75,506.5,12.48,145.99,YES,76.42,POTENTIAL MANIPULATION
TN-2047,speed_attack,Speed Sensor Manipulation,16,13.099252,80.284493,20.78,75.26,501.97,12.37,144.59,YES,75.82,POTENTIAL MANIPULATION
TN-2047,speed_attack,Speed Sensor Manipulation,17,13.100286,80.285355,21.13,74.83,497.62,12.24,143.21,YES,75.23,POTENTIAL MANIPULATION
TN-2047,speed_attack,Speed Sensor Manipulation,18,13.101321,80.286217,21.58,74.48,493.64,12.11,141.9,YES,74.67,POTENTIAL MANIPULATION
TN-2047,speed_attack,Speed Sensor Manipulation,19,13.102355,80.287079,22.08,74.2,490.2,11.98,140.72,YES,74.16,POTENTIAL MANIPULATION
TN-2047,speed_attack,Speed Sensor Manipulation,20,13.10339,80.287941,22.56,73.99,487.43,11.85,139.7,YES,73.73,POTENTIAL MANIPULATION
TN-2047,speed_attack,Speed Sensor Manipulation,21,13.104424,80.288803,22.99,73.85,485.44,11.72,138.9,YES,73.39,POTENTIAL MANIPULATION
TN-2047,speed_attack,Speed Sensor Manipulation,22,13.105459,80.289666,23.3,73.75,484.3,11.6,138.34,YES,73.15,POTENTIAL MANIPULATION
TN-2047,speed_attack,Speed Sensor Manipulation,23,13.106493,80.290528,23.47,73.71,484.05,11.49,138.04,YES,73.02,POTENTIAL MANIPULATION
TN-2047,speed_attack,Speed Sensor Manipulation,24,13.107528,80.29139,23.48,73.7,484.69,11.39,138.03,YES,73.01,POTENTIAL MANIPULATION
TN-2047,speed_attack,Speed Sensor Manipulation,25,13.108562,80.292252,23.33,73.74,486.17,11.32,138.29,YES,73.12,POTENTIAL MANIPULATION
TN-2047,speed_attack,Speed Sensor Manipulation,26,13.109597,80.293114,23.03,73.83,488.42,11.26,138.82,YES,73.35,POTENTIAL MANIPULATION
TN-2047,speed_attack,Speed Sensor Manipulation,27,13.110631,80.293976,22.62,73.97,491.33,11.22,139.59,YES,73.68,POTENTIAL MANIPULATION
TN-2047,speed_attack,Speed Sensor Manipulation,28,13.111666,80.294838,22.14,74.17,494.78,11.2,140.58,YES,74.11,POTENTIAL MANIPULATION
TN-2047,speed_attack,Speed Sensor Manipulation,29,13.1127,80.2957,21.64,74.44,498.6,11.21,141.75,YES,74.61,POTENTIAL MANIPULATION
TN-2047,gps_attack,GPS Manipulation,0,13.1277,80.2357,76.0,30.0,505.4,12.0,145.0,YES,76.0,POTENTIAL MANIPULATION
TN-2047,gps_attack,GPS Manipulation,1,13.128734,80.236562,76.72,30.49,510.11,12.13,146.39,YES,76.6,POTENTIAL MANIPULATION
TN-2047,gps_attack,GPS Manipulation,2,13.129769,80.237424,77.41,30.93,514.61,12.26,147.73,YES,77.17,POTENTIAL MANIPULATION
TN-2047,gps_attack,GPS Manipulation,3,13.130803,80.238286,78.03,31.26,518.71,12.38,148.95,YES,77.69,POTENTIAL MANIPULATION
TN-2047,gps_attack,GPS Manipulation,4,13.131838,80.239148,78.57,31.46,522.24,12.49,150.02,YES,78.15,POTENTIAL MANIPULATION
TN-2047,gps_attack,GPS Manipulation,5,13.132872,80.24001,79.0,31.49,525.03,12.59,150.89,YES,78.52,POTENTIAL MANIPULATION
TN-2047,gps_attack,GPS Manipulation,6,13.133907,80.240872,79.29,31.36,526.99,12.67,151.52,YES,78.8,POTENTIAL MANIPULATION
TN-2047,gps_attack,GPS Manipulation,7,13.134941,80.241734,79.45,31.08,528.01,12.74,151.9,YES,78.96,POTENTIAL MANIPULATION
TN-2047,gps_attack,GPS Manipulation,8,13.135976,80.242597,79.45,30.69,528.07,12.78,152.0,YES,79.0,POTENTIAL MANIPULATION
TN-2047,gps_attack,GPS Manipulation,9,13.13701,80.243459,79.31,30.21,527.16,12.8,151.82,YES,78.92,POTENTIAL MANIPULATION
TN-2047,gps_attack,GPS Manipulation,10,13.138045,80.244321,79.03,29.71,525.34,12.8,151.37,YES,78.73,POTENTIAL MANIPULATION
TN-2047,gps_attack,GPS Manipulation,11,13.139079,80.245183,78.62,29.25,522.67,12.77,150.66,YES,78.43,POTENTIAL MANIPULATION
TN-2047,gps_attack,GPS Manipulation,12,13.140114,80.246045,78.1,28.86,519.3,12.73,149.73,YES,78.03,POTENTIAL MANIPULATION
TN-2047,gps_attack,GPS Manipulation,13,13.141148,80.246907,77.49,28.61,515.36,12.66,148.61,YES,77.55,POTENTIAL MANIPULATION
TN-2047,gps_attack,GPS Manipulation,14,13.142183,80.247769,76.83,28.5,511.03,12.58,147.34,YES,77.0,POTENTIAL MANIPULATION
TN-2047,gps_attack,GPS Manipulation,15,13.143217,80.248631,76.14,28.56,506.5,12.48,145.99,YES,76.42,POTENTIAL MANIPULATION
TN-2047,gps_attack,GPS Manipulation,16,13.144252,80.249493,75.45,28.78,501.97,12.37,144.59,YES,75.82,POTENTIAL MANIPULATION
TN-2047,gps_attack,GPS Manipulation,17,13.145286,80.250355,74.79,29.13,497.62,12.24,143.21,YES,75.23,POTENTIAL MANIPULATION
TN-2047,gps_attack,GPS Manipulation,18,13.146321,80.251217,74.18,29.58,493.64,12.11,141.9,YES,74.67,POTENTIAL MANIPULATION
TN-2047,gps_attack,GPS Manipulation,19,13.147355,80.252079,73.66,30.08,490.2,11.98,140.72,YES,74.16,POTENTIAL MANIPULATION
TN-2047,gps_attack,GPS Manipulation,20,13.14839,80.252941,73.25,30.56,487.43,11.85,139.7,YES,73.73,POTENTIAL MANIPULATION
TN-2047,gps_attack,GPS Manipulation,21,13.149424,80.253803,72.96,30.99,485.44,11.72,138.9,YES,73.39,POTENTIAL MANIPULATION
TN-2047,gps_attack,GPS Manipulation,22,13.150459,80.254666,72.79,31.3,484.3,11.6,138.34,YES,73.15,POTENTIAL MANIPULATION
TN-2047,gps_attack,GPS Manipulation,23,13.151493,80.255528,72.76,31.47,484.05,11.49,138.04,YES,73.02,POTENTIAL MANIPULATION
TN-2047,gps_attack,GPS Manipulation,24,13.152528,80.25639,72.87,31.48,484.69,11.39,138.03,YES,73.01,POTENTIAL MANIPULATION
TN-2047,gps_attack,GPS Manipulation,25,13.153562,80.257252,73.11,31.33,486.17,11.32,138.29,YES,73.12,POTENTIAL MANIPULATION
TN-2047,gps_attack,GPS Manipulation,26,13.154597,80.258114,73.46,31.03,488.42,11.26,138.82,YES,73.35,POTENTIAL MANIPULATION
TN-2047,gps_attack,GPS Manipulation,27,13.155631,80.258976,73.91,30.62,491.33,11.22,139.59,YES,73.68,POTENTIAL MANIPULATION
TN-2047,gps_attack,GPS Manipulation,28,13.156666,80.259838,74.43,30.14,494.78,11.2,140.58,YES,74.11,POTENTIAL MANIPULATION
TN-2047,gps_attack,GPS Manipulation,29,13.1577,80.2607,75.02,29.64,498.6,11.21,141.75,YES,74.61,POTENTIAL MANIPULATION
TN-2047,braking,Genuine Braking Event,0,13.0827,80.2707,76.0,76.0,505.4,12.0,145.0,YES,76.0,GENUINE PHYSICAL EVENT
TN-2047,braking,Genuine Braking Event,1,13.083734,80.271562,76.6,76.83,510.11,12.13,146.39,YES,76.6,GENUINE PHYSICAL EVENT
TN-2047,braking,Genuine Braking Event,2,13.084769,80.272424,77.17,77.6,514.61,12.26,147.73,YES,77.17,GENUINE PHYSICAL EVENT
TN-2047,braking,Genuine Braking Event,3,13.085803,80.273286,77.69,78.28,518.71,12.38,148.95,YES,77.69,GENUINE PHYSICAL EVENT
TN-2047,braking,Genuine Braking Event,4,13.086838,80.274148,78.15,78.83,522.24,12.49,150.02,YES,78.15,GENUINE PHYSICAL EVENT
TN-2047,braking,Genuine Braking Event,5,13.087872,80.27501,78.52,79.22,525.03,12.59,150.89,YES,78.52,GENUINE PHYSICAL EVENT
TN-2047,braking,Genuine Braking Event,6,13.088907,80.275872,78.8,79.43,526.99,12.67,151.52,YES,78.8,GENUINE PHYSICAL EVENT
TN-2047,braking,Genuine Braking Event,7,13.089941,80.276734,78.96,79.46,528.01,12.74,151.9,YES,78.96,GENUINE PHYSICAL EVENT
TN-2047,braking,Genuine Braking Event,8,13.090976,80.277597,84.0,84.8,558.6,26.49,74.29,YES,79.0,GENUINE PHYSICAL EVENT
TN-2047,braking,Genuine Braking Event,9,13.09201,80.278459,79.78,80.58,530.52,26.04,72.71,YES,78.92,GENUINE PHYSICAL EVENT
TN-2047,braking,Genuine Braking Event,10,13.093045,80.279321,75.56,76.36,502.44,26.08,71.05,YES,78.73,GENUINE PHYSICAL EVENT
TN-2047,braking,Genuine Braking Event,11,13.094079,80.280183,71.33,72.13,474.37,26.59,69.49,YES,78.43,GENUINE PHYSICAL EVENT
TN-2047,braking,Genuine Braking Event,12,13.095114,80.281045,67.11,67.91,446.29,27.44,68.22,YES,78.03,GENUINE PHYSICAL EVENT
TN-2047,braking,Genuine Braking Event,13,13.096148,80.281907,62.89,63.69,418.21,28.43,67.35,YES,77.55,GENUINE PHYSICAL EVENT
TN-2047,braking,Genuine Braking Event,14,13.097183,80.282769,58.67,59.47,390.13,29.31,67.01,YES,77.0,GENUINE PHYSICAL EVENT
TN-2047,braking,Genuine Braking Event,15,13.098217,80.283631,54.44,55.24,362.06,29.88,67.21,YES,76.42,GENUINE PHYSICAL EVENT
TN-2047,braking,Genuine Braking Event,16,13.099252,80.284493,50.22,51.02,333.98,29.98,67.93,YES,75.82,GENUINE PHYSICAL EVENT
TN-2047,braking,Genuine Braking Event,17,13.100286,80.285355,46.0,46.8,305.9,29.6,69.11,YES,75.23,GENUINE PHYSICAL EVENT
TN-2047,braking,Genuine Braking Event,18,13.101321,80.286217,41.78,42.58,277.82,28.82,70.6,YES,74.67,GENUINE PHYSICAL EVENT
TN-2047,braking,Genuine Braking Event,19,13.102355,80.287079,74.16,74.2,490.2,11.98,140.72,YES,74.16,GENUINE PHYSICAL EVENT
TN-2047,braking,Genuine Braking Event,20,13.10339,80.287941,73.73,73.99,487.43,11.85,139.7,YES,73.73,GENUINE PHYSICAL EVENT
TN-2047,braking,Genuine Braking Event,21,13.104424,80.288803,73.39,73.85,485.44,11.72,138.9,YES,73.39,GENUINE PHYSICAL EVENT
TN-2047,braking,Genuine Braking Event,22,13.105459,80.289666,73.15,73.75,484.3,11.6,138.34,YES,73.15,GENUINE PHYSICAL EVENT
TN-2047,braking,Genuine Braking Event,23,13.106493,80.290528,73.02,73.71,484.05,11.49,138.04,YES,73.02,GENUINE PHYSICAL EVENT
TN-2047,braking,Genuine Braking Event,24,13.107528,80.29139,73.01,73.7,484.69,11.39,138.03,YES,73.01,GENUINE PHYSICAL EVENT
TN-2047,braking,Genuine Braking Event,25,13.108562,80.292252,73.12,73.74,486.17,11.32,138.29,YES,73.12,GENUINE PHYSICAL EVENT
TN-2047,braking,Genuine Braking Event,26,13.109597,80.293114,73.35,73.83,488.42,11.26,138.82,YES,73.35,GENUINE PHYSICAL EVENT
TN-2047,braking,Genuine Braking Event,27,13.110631,80.293976,73.68,73.97,491.33,11.22,139.59,YES,73.68,GENUINE PHYSICAL EVENT
TN-2047,braking,Genuine Braking Event,28,13.111666,80.294838,74.11,74.17,494.78,11.2,140.58,YES,74.11,GENUINE PHYSICAL EVENT
TN-2047,braking,Genuine Braking Event,29,13.1127,80.2957,74.61,74.44,498.6,11.21,141.75,YES,74.61,GENUINE PHYSICAL EVENT
TN-2047,drift,Gradual Sensor Drift,0,13.0827,80.2707,76.0,76.0,505.4,12.0,145.0,YES,76.0,POTENTIAL MANIPULATION
TN-2047,drift,Gradual Sensor Drift,1,13.083734,80.271562,76.6,76.83,510.11,12.13,146.39,YES,76.6,POTENTIAL MANIPULATION
TN-2047,drift,Gradual Sensor Drift,2,13.084769,80.272424,77.17,77.6,514.61,12.26,147.73,YES,77.17,POTENTIAL MANIPULATION
TN-2047,drift,Gradual Sensor Drift,3,13.085803,80.273286,77.69,78.28,518.71,12.38,148.95,YES,77.69,POTENTIAL MANIPULATION
TN-2047,drift,Gradual Sensor Drift,4,13.086838,80.274148,78.15,78.83,522.24,12.49,150.02,YES,78.15,POTENTIAL MANIPULATION
TN-2047,drift,Gradual Sensor Drift,5,13.087872,80.27501,77.77,79.22,525.03,12.59,150.89,YES,78.52,POTENTIAL MANIPULATION
TN-2047,drift,Gradual Sensor Drift,6,13.088907,80.275872,77.3,79.43,526.99,12.67,151.52,YES,78.8,POTENTIAL MANIPULATION
TN-2047,drift,Gradual Sensor Drift,7,13.089941,80.276734,76.71,79.46,528.01,12.74,151.9,YES,78.96,POTENTIAL MANIPULATION
TN-2047,drift,Gradual Sensor Drift,8,13.090976,80.277597,76.0,79.32,528.07,12.78,152.0,YES,79.0,POTENTIAL MANIPULATION
TN-2047,drift,Gradual Sensor Drift,9,13.09201,80.278459,75.17,79.02,527.16,12.8,151.82,YES,78.92,POTENTIAL MANIPULATION
TN-2047,drift,Gradual Sensor Drift,10,13.093045,80.279321,74.23,78.59,525.34,12.8,151.37,YES,78.73,POTENTIAL MANIPULATION
TN-2047,drift,Gradual Sensor Drift,11,13.094079,80.280183,73.18,78.07,522.67,12.77,150.66,YES,78.43,POTENTIAL MANIPULATION
TN-2047,drift,Gradual Sensor Drift,12,13.095114,80.281045,72.03,77.5,519.3,12.73,149.73,YES,78.03,POTENTIAL MANIPULATION
TN-2047,drift,Gradual Sensor Drift,13,13.096148,80.281907,70.8,76.9,515.36,12.66,148.61,YES,77.55,POTENTIAL MANIPULATION
TN-2047,drift,Gradual Sensor Drift,14,13.097183,80.282769,69.5,76.31,511.03,12.58,147.34,YES,77.0,POTENTIAL MANIPULATION
TN-2047,drift,Gradual Sensor Drift,15,13.098217,80.283631,68.17,75.75,506.5,12.48,145.99,YES,76.42,POTENTIAL MANIPULATION
TN-2047,drift,Gradual Sensor Drift,16,13.099252,80.284493,66.82,75.26,501.97,12.37,144.59,YES,75.82,POTENTIAL MANIPULATION
TN-2047,drift,Gradual Sensor Drift,17,13.100286,80.285355,65.48,74.83,497.62,12.24,143.21,YES,75.23,POTENTIAL MANIPULATION
TN-2047,drift,Gradual Sensor Drift,18,13.101321,80.286217,64.17,74.48,493.64,12.11,141.9,YES,74.67,POTENTIAL MANIPULATION
TN-2047,drift,Gradual Sensor Drift,19,13.102355,80.287079,62.91,74.2,490.2,11.98,140.72,YES,74.16,POTENTIAL MANIPULATION
TN-2047,drift,Gradual Sensor Drift,20,13.10339,80.287941,61.73,73.99,487.43,11.85,139.7,YES,73.73,POTENTIAL MANIPULATION
TN-2047,drift,Gradual Sensor Drift,21,13.104424,80.288803,60.64,73.85,485.44,11.72,138.9,YES,73.39,POTENTIAL MANIPULATION
TN-2047,drift,Gradual Sensor Drift,22,13.105459,80.289666,59.65,73.75,484.3,11.6,138.34,YES,73.15,POTENTIAL MANIPULATION
TN-2047,drift,Gradual Sensor Drift,23,13.106493,80.290528,58.77,73.71,484.05,11.49,138.04,YES,73.02,POTENTIAL MANIPULATION
TN-2047,drift,Gradual Sensor Drift,24,13.107528,80.29139,58.01,73.7,484.69,11.39,138.03,YES,73.01,POTENTIAL MANIPULATION
TN-2047,drift,Gradual Sensor Drift,25,13.108562,80.292252,57.37,73.74,486.17,11.32,138.29,YES,73.12,POTENTIAL MANIPULATION
TN-2047,drift,Gradual Sensor Drift,26,13.109597,80.293114,56.85,73.83,488.42,11.26,138.82,YES,73.35,POTENTIAL MANIPULATION
TN-2047,drift,Gradual Sensor Drift,27,13.110631,80.293976,56.43,73.97,491.33,11.22,139.59,YES,73.68,POTENTIAL MANIPULATION
TN-2047,drift,Gradual Sensor Drift,28,13.111666,80.294838,56.11,74.17,494.78,11.2,140.58,YES,74.11,POTENTIAL MANIPULATION
TN-2047,drift,Gradual Sensor Drift,29,13.1127,80.2957,55.86,74.44,498.6,11.21,141.75,YES,74.61,POTENTIAL MANIPULATION
TN-2047,coordinated,Coordinated Multi-Sensor Attack,0,13.0827,80.2707,60.0,60.0,399.0,15.0,118.0,NO,76.0,INTEGRITY UNCERTAIN
TN-2047,coordinated,Coordinated Multi-Sensor Attack,1,13.083734,80.271562,60.4,60.5,402.3,15.1,118.99,NO,76.6,INTEGRITY UNCERTAIN
TN-2047,coordinated,Coordinated Multi-Sensor Attack,2,13.084769,80.272424,60.78,60.97,405.42,15.19,119.92,NO,77.17,INTEGRITY UNCERTAIN
TN-2047,coordinated,Coordinated Multi-Sensor Attack,3,13.085803,80.273286,61.13,61.4,408.19,15.28,120.73,NO,77.69,INTEGRITY UNCERTAIN
TN-2047,coordinated,Coordinated Multi-Sensor Attack,4,13.086838,80.274148,61.43,61.77,410.48,15.36,121.37,NO,78.15,INTEGRITY UNCERTAIN
TN-2047,coordinated,Coordinated Multi-Sensor Attack,5,13.087872,80.27501,61.68,62.06,412.18,15.42,121.8,NO,78.52,INTEGRITY UNCERTAIN
TN-2047,coordinated,Coordinated Multi-Sensor Attack,6,13.088907,80.275872,61.86,62.26,413.21,15.47,121.99,NO,78.8,INTEGRITY UNCERTAIN
TN-2047,coordinated,Coordinated Multi-Sensor Attack,7,13.089941,80.276734,61.97,62.36,413.55,15.49,121.94,NO,78.96,INTEGRITY UNCERTAIN
TN-2047,coordinated,Coordinated Multi-Sensor Attack,8,13.090976,80.277597,62.0,62.36,413.21,15.5,121.64,NO,79.0,INTEGRITY UNCERTAIN
TN-2047,coordinated,Coordinated Multi-Sensor Attack,9,13.09201,80.278459,61.95,62.26,412.23,15.49,121.11,NO,78.92,INTEGRITY UNCERTAIN
TN-2047,coordinated,Coordinated Multi-Sensor Attack,10,13.093045,80.279321,61.82,62.06,410.71,15.45,120.39,NO,78.73,INTEGRITY UNCERTAIN
TN-2047,coordinated,Coordinated Multi-Sensor Attack,11,13.094079,80.280183,61.62,61.77,408.75,15.4,119.53,NO,78.43,INTEGRITY UNCERTAIN
TN-2047,coordinated,Coordinated Multi-Sensor Attack,12,13.095114,80.281045,61.35,61.41,406.47,15.34,118.56,NO,78.03,INTEGRITY UNCERTAIN
TN-2047,coordinated,Coordinated Multi-Sensor Attack,13,13.096148,80.281907,61.03,60.99,404.0,15.26,117.57,NO,77.55,INTEGRITY UNCERTAIN
TN-2047,coordinated,Coordinated Multi-Sensor Attack,14,13.097183,80.282769,60.67,60.53,401.46,15.17,116.6,NO,77.0,INTEGRITY UNCERTAIN
TN-2047,coordinated,Coordinated Multi-Sensor Attack,15,13.098217,80.283631,60.28,60.05,398.96,15.07,115.71,NO,76.42,INTEGRITY UNCERTAIN
TN-2047,coordinated,Coordinated Multi-Sensor Attack,16,13.099252,80.284493,59.88,59.58,396.6,14.97,114.97,NO,75.82,INTEGRITY UNCERTAIN
TN-2047,coordinated,Coordinated Multi-Sensor Attack,17,13.100286,80.285355,59.49,59.13,394.44,14.87,114.42,NO,75.23,INTEGRITY UNCERTAIN
TN-2047,coordinated,Coordinated Multi-Sensor Attack,18,13.101321,80.286217,59.11,58.72,392.56,14.78,114.09,NO,74.67,INTEGRITY UNCERTAIN
TN-2047,coordinated,Coordinated Multi-Sensor Attack,19,13.102355,80.287079,58.78,58.38,390.96,14.69,114.0,NO,74.16,INTEGRITY UNCERTAIN
TN-2047,coordinated,Coordinated Multi-Sensor Attack,20,13.10339,80.287941,58.49,58.1,389.68,14.62,114.16,NO,73.73,INTEGRITY UNCERTAIN
TN-2047,coordinated,Coordinated Multi-Sensor Attack,21,13.104424,80.288803,58.26,57.91,388.72,14.56,114.56,NO,73.39,INTEGRITY UNCERTAIN
TN-2047,coordinated,Coordinated Multi-Sensor Attack,22,13.105459,80.289666,58.1,57.81,388.08,14.52,115.18,NO,73.15,INTEGRITY UNCERTAIN
TN-2047,coordinated,Coordinated Multi-Sensor Attack,23,13.106493,80.290528,58.01,57.81,387.75,14.5,115.97,NO,73.02,INTEGRITY UNCERTAIN
TN-2047,coordinated,Coordinated Multi-Sensor Attack,24,13.107528,80.29139,58.01,57.9,387.73,14.5,116.88,NO,73.01,INTEGRITY UNCERTAIN
TN-2047,coordinated,Coordinated Multi-Sensor Attack,25,13.108562,80.292252,58.08,58.07,388.02,14.52,117.87,NO,73.12,INTEGRITY UNCERTAIN
TN-2047,coordinated,Coordinated Multi-Sensor Attack,26,13.109597,80.293114,58.23,58.32,388.63,14.56,118.86,NO,73.35,INTEGRITY UNCERTAIN
TN-2047,coordinated,Coordinated Multi-Sensor Attack,27,13.110631,80.293976,58.45,58.63,389.55,14.61,119.8,NO,73.68,INTEGRITY UNCERTAIN
TN-2047,coordinated,Coordinated Multi-Sensor Attack,28,13.111666,80.294838,58.74,59.0,390.79,14.68,120.63,NO,74.11,INTEGRITY UNCERTAIN
TN-2047,coordinated,Coordinated Multi-Sensor Attack,29,13.1127,80.2957,59.07,59.4,392.34,14.77,121.29,NO,74.61,INTEGRITY UNCERTAIN
